puzzle_id	x	y
0	-0.3267	0.6133
0	-1.0	0.5133
0	-1.0	-0.9967
0	0.0367	-0.9967
0	0.9967	0.8533
0	-0.3267	0.6133
0	0.0367	-0.9967
0	0.9967	-0.9967
0	-0.41	1.0
0	-0.3267	0.6133
0	0.9967	0.8533
0	0.9967	1.0
0	-1.0	1.0
0	-1.0	0.5133
0	-0.3267	0.6133
0	-0.41	1.0
1	-0.2633	-0.4967
1	-1.0	-0.5033
1	-1.0	-0.9967
1	-0.3	-0.9967
1	0.9967	-0.4533
1	-0.2633	-0.4967
1	-0.3	-0.9967
1	0.9967	-0.9967
1	-0.12	1.0
1	-0.2633	-0.4967
1	0.9967	-0.4533
1	0.9967	1.0
1	-1.0	1.0
1	-1.0	-0.5033
1	-0.2633	-0.4967
1	-0.12	1.0
2	-0.0933	-0.6433
2	-1.0	-0.6433
2	-1.0	-0.9967
2	-0.1367	-0.9967
2	0.9967	-0.6133
2	-0.0933	-0.6433
2	-0.1367	-0.9967
2	0.9967	-0.9967
2	0.1633	1.0
2	-0.0933	-0.6433
2	0.9967	-0.6133
2	0.9967	1.0
2	-1.0	1.0
2	-1.0	-0.6433
2	-0.0933	-0.6433
2	0.1633	1.0
3	0.8667	-0.9967
3	0.0333	0.14
3	-1.0	0.0067
3	-1.0	-0.9967
3	0.0333	0.14
3	0.8667	-0.9967
3	0.9967	-0.9967
3	0.9967	0.2933
3	-0.5833	1.0
3	0.0333	0.14
3	0.9967	0.2933
3	0.9967	1.0
3	-1.0	1.0
3	-1.0	0.0067
3	0.0333	0.14
3	-0.5833	1.0
4	0.6233	0.2367
4	-1.0	-0.29
4	-1.0	-0.9967
4	0.1633	-0.9967
4	0.9967	0.3733
4	0.6233	0.2367
4	0.1633	-0.9967
4	0.9967	-0.9967
4	0.9967	1.0
4	0.9967	1.0
4	0.6233	0.2367
4	0.9967	0.3733
4	-1.0	-0.29
4	0.6233	0.2367
4	0.9967	1.0
4	-1.0	1.0
5	-0.5367	0.59
5	0.71	-0.9967
5	0.9967	-0.9967
5	0.9967	0.1533
5	-1.0	0.74
5	-1.0	-0.9967
5	0.71	-0.9967
5	-0.5367	0.59
5	-0.88	1.0
5	-0.5367	0.59
5	0.9967	0.1533
5	0.9967	1.0
5	-1.0	1.0
5	-1.0	0.74
5	-0.5367	0.59
5	-0.88	1.0
6	0.3167	0.64
6	0.5367	-0.9967
6	0.9967	-0.9967
6	0.9967	0.5433
6	-1.0	0.8667
6	-1.0	-0.9967
6	0.5367	-0.9967
6	0.3167	0.64
6	0.2533	1.0
6	0.3167	0.64
6	0.9967	0.5433
6	0.9967	1.0
6	-1.0	1.0
6	-1.0	0.8667
6	0.3167	0.64
6	0.2533	1.0
7	0.1767	0.46
7	-1.0	0.4067
7	-1.0	-0.9967
7	-0.1467	-0.9967
7	0.9967	0.52
7	0.1767	0.46
7	-0.1467	-0.9967
7	0.9967	-0.9967
7	0.3	1.0
7	0.1767	0.46
7	0.9967	0.52
7	0.9967	1.0
7	-1.0	0.4067
7	0.1767	0.46
7	0.3	1.0
7	-1.0	1.0
8	0.0767	-0.0667
8	-1.0	-0.0933
8	-1.0	-0.9967
8	-0.5	-0.9967
8	0.9967	-0.0167
8	0.0767	-0.0667
8	-0.5	-0.9967
8	0.9967	-0.9967
8	0.9967	1.0
8	0.76	1.0
8	0.0767	-0.0667
8	0.9967	-0.0167
8	-1.0	-0.0933
8	0.0767	-0.0667
8	0.76	1.0
8	-1.0	1.0
9	-0.62	0.7633
9	0.2033	-0.9967
9	0.9967	-0.9967
9	0.9967	0.7633
9	-1.0	0.78
9	-1.0	-0.9967
9	0.2033	-0.9967
9	-0.62	0.7633
9	-0.7467	1.0
9	-0.62	0.7633
9	0.9967	0.7633
9	0.9967	1.0
9	-1.0	1.0
9	-1.0	0.78
9	-0.62	0.7633
9	-0.7467	1.0
10	-0.43	-0.4433
10	-0.4633	-0.9967
10	0.9967	-0.9967
10	0.9967	-0.4533
10	-1.0	-0.42
10	-1.0	-0.9967
10	-0.4633	-0.9967
10	-0.43	-0.4433
10	-0.3933	1.0
10	-0.43	-0.4433
10	0.9967	-0.4533
10	0.9967	1.0
10	-1.0	1.0
10	-1.0	-0.42
10	-0.43	-0.4433
10	-0.3933	1.0
11	0.3067	0.42
11	-1.0	0.1867
11	-1.0	-0.9967
11	0.3667	-0.9967
11	0.9967	0.5633
11	0.3067	0.42
11	0.3667	-0.9967
11	0.9967	-0.9967
11	0.2867	1.0
11	0.3067	0.42
11	0.9967	0.5633
11	0.9967	1.0
11	-1.0	1.0
11	-1.0	0.1867
11	0.3067	0.42
11	0.2867	1.0
12	0.2867	-0.1933
12	0.04	-0.9967
12	0.9967	-0.9967
12	0.9967	-0.5767
12	-0.9967	0.5367
12	-1.0	-0.9967
12	0.04	-0.9967
12	0.2867	-0.1933
12	0.62	1.0
12	0.2867	-0.1933
12	0.9967	-0.5767
12	0.9967	1.0
12	-1.0	1.0
12	-0.9967	0.5367
12	0.2867	-0.1933
12	0.62	1.0
13	0.5067	-0.79
13	0.5567	-0.9967
13	0.9967	-0.9967
13	0.9967	-0.78
13	-1.0	-0.76
13	-1.0	-0.9967
13	0.5567	-0.9967
13	0.5067	-0.79
13	-0.0667	1.0
13	0.5067	-0.79
13	0.9967	-0.78
13	0.9967	1.0
13	-1.0	1.0
13	-1.0	-0.76
13	0.5067	-0.79
13	-0.0667	1.0
14	0.0533	0.2867
14	0.26	-0.9967
14	0.9967	-0.9967
14	0.9967	0.03
14	-1.0	0.6033
14	-1.0	-0.9967
14	0.26	-0.9967
14	0.0533	0.2867
14	-0.08	1.0
14	0.0533	0.2867
14	0.9967	0.03
14	0.9967	1.0
14	-1.0	1.0
14	-1.0	0.6033
14	0.0533	0.2867
14	-0.08	1.0
15	-0.9267	-0.9967
15	0.9967	-0.9967
15	0.9967	-0.64
15	-0.6667	-0.3967
15	-1.0	-0.33
15	-0.9267	-0.9967
15	-0.9267	-0.9967
15	-0.6667	-0.3967
15	-0.1	1.0
15	-0.6667	-0.3967
15	0.9967	-0.64
15	0.9967	1.0
15	-0.1	1.0
15	-1.0	1.0
15	-1.0	-0.33
15	-0.6667	-0.3967
16	0.06	-0.41
16	0.1433	-0.9967
16	0.9967	-0.9967
16	0.9967	-0.58
16	-1.0	-0.1867
16	-1.0	-0.9967
16	0.1433	-0.9967
16	0.06	-0.41
16	-0.1833	1.0
16	0.06	-0.41
16	0.9967	-0.58
16	0.9967	1.0
16	-1.0	1.0
16	-1.0	-0.1867
16	0.06	-0.41
16	-0.1833	1.0
17	-0.3667	0.04
17	-1.0	-0.14
17	-1.0	-0.9967
17	0.2133	-0.9967
17	0.9967	0.47
17	-0.3667	0.04
17	0.2133	-0.9967
17	0.9967	-0.9967
17	-0.89	1.0
17	-0.3667	0.04
17	0.9967	0.47
17	0.9967	1.0
17	-0.89	1.0
17	-1.0	1.0
17	-1.0	-0.14
17	-0.3667	0.04
18	-0.0333	0.0733
18	-1.0	-0.4267
18	-1.0	-0.9967
18	0.3833	-0.9967
18	0.9967	0.6333
18	-0.0333	0.0733
18	0.3833	-0.9967
18	0.9967	-0.9967
18	-0.38	1.0
18	-0.0333	0.0733
18	0.9967	0.6333
18	0.9967	1.0
18	-0.38	1.0
18	-1.0	1.0
18	-1.0	-0.4267
18	-0.0333	0.0733
19	0.0067	-0.9967
19	-0.1267	-0.6033
19	-1.0	-0.6067
19	-1.0	-0.9967
19	0.9967	-0.9967
19	0.9967	-0.5667
19	-0.1267	-0.6033
19	0.0067	-0.9967
19	-0.6133	1.0
19	-0.1267	-0.6033
19	0.9967	-0.5667
19	0.9967	1.0
19	-1.0	1.0
19	-1.0	-0.6067
19	-0.1267	-0.6033
19	-0.6133	1.0
20	0.0133	-0.5767
20	-1.0	-0.5833
20	-1.0	-0.9967
20	0.06	-0.9967
20	0.9967	-0.5433
20	0.0133	-0.5767
20	0.06	-0.9967
20	0.9967	-0.9967
20	-0.1067	1.0
20	0.0133	-0.5767
20	0.9967	-0.5433
20	0.9967	1.0
20	-1.0	1.0
20	-1.0	-0.5833
20	0.0133	-0.5767
20	-0.1067	1.0
21	-0.83	0.6833
21	-0.2733	-0.9967
21	0.9967	-0.9967
21	0.9967	-0.2767
21	-1.0	0.7867
21	-1.0	-0.9967
21	-0.2733	-0.9967
21	-0.83	0.6833
21	-0.9367	1.0
21	-0.83	0.6833
21	0.9967	-0.2767
21	0.9967	1.0
21	-0.9367	1.0
21	-1.0	0.7867
21	-0.83	0.6833
21	-0.9367	1.0
22	0.3833	0.1467
22	0.58	-0.9967
22	0.9967	-0.9967
22	0.9967	-0.03
22	-1.0	0.59
22	-1.0	-0.9967
22	0.58	-0.9967
22	0.3833	0.1467
22	0.2133	1.0
22	0.3833	0.1467
22	0.9967	-0.03
22	0.9967	1.0
22	-1.0	1.0
22	-1.0	0.59
22	0.3833	0.1467
22	0.2133	1.0
23	-0.02	-0.23
23	-1.0	-0.3567
23	-1.0	-0.9967
23	-0.5333	-0.9967
23	0.9967	-0.07
23	-0.02	-0.23
23	-0.5333	-0.9967
23	0.9967	-0.9967
23	0.9967	1.0
23	0.83	1.0
23	-0.02	-0.23
23	0.9967	-0.07
23	-1.0	-0.3567
23	-0.02	-0.23
23	0.83	1.0
23	-1.0	1.0
24	0.2133	0.2667
24	-1.0	-0.4933
24	-1.0	-0.9967
24	0.0567	-0.9967
24	0.9967	0.78
24	0.2133	0.2667
24	0.0567	-0.9967
24	0.9967	-0.9967
24	0.9967	1.0
24	0.31	1.0
24	0.2133	0.2667
24	0.9967	0.78
24	0.31	1.0
24	-1.0	1.0
24	-1.0	-0.4933
24	0.2133	0.2667
25	0.83	-0.9967
25	0.4467	-0.5533
25	-1.0	-0.7767
25	-1.0	-0.9967
25	0.4467	-0.5533
25	0.83	-0.9967
25	0.9967	-0.9967
25	0.9967	-0.45
25	-0.84	1.0
25	0.4467	-0.5533
25	0.9967	-0.45
25	0.9967	1.0
25	-1.0	1.0
25	-1.0	-0.7767
25	0.4467	-0.5533
25	-0.84	1.0
26	-0.0233	0.0267
26	0.09	-0.9967
26	0.9967	-0.9967
26	0.9967	-0.4233
26	-0.9967	0.48
26	-1.0	-0.9967
26	0.09	-0.9967
26	-0.0233	0.0267
26	-0.16	1.0
26	-0.0233	0.0267
26	0.9967	-0.4233
26	0.9967	1.0
26	-1.0	1.0
26	-0.9967	0.48
26	-0.0233	0.0267
26	-0.16	1.0
27	0.6	0.2433
27	0.7267	-0.9967
27	0.9967	-0.9967
27	0.9967	0.14
27	-0.9933	0.7233
27	-1.0	-0.9967
27	0.7267	-0.9967
27	0.6	0.2433
27	0.5033	1.0
27	0.6	0.2433
27	0.9967	0.14
27	0.9967	1.0
27	-1.0	1.0
27	-0.9933	0.7233
27	0.6	0.2433
27	0.5033	1.0
28	-0.0633	0.42
28	-1.0	-0.0233
28	-1.0	-0.9967
28	0.1733	-0.9967
28	0.9967	0.9333
28	-0.0633	0.42
28	0.1733	-0.9967
28	0.9967	-0.9967
28	-0.0633	0.42
28	0.9967	0.9333
28	0.9967	0.9333
28	-0.1567	1.0
28	-1.0	1.0
28	-1.0	-0.0233
28	-0.0633	0.42
28	-0.1567	1.0
29	0.1933	0.3833
29	0.3933	-0.9967
29	0.9967	-0.9967
29	0.9967	0.3267
29	-1.0	0.5033
29	-1.0	-0.9967
29	0.3933	-0.9967
29	0.1933	0.3833
29	0.0833	1.0
29	0.1933	0.3833
29	0.9967	0.3267
29	0.9967	1.0
29	-1.0	1.0
29	-1.0	0.5033
29	0.1933	0.3833
29	0.0833	1.0
30	0.5567	-0.1833
30	0.46	-0.9967
30	0.9967	-0.9967
30	0.9967	-0.2033
30	-1.0	-0.0567
30	-1.0	-0.9967
30	0.46	-0.9967
30	0.5567	-0.1833
30	0.6667	1.0
30	0.5567	-0.1833
30	0.9967	-0.2033
30	0.9967	1.0
30	-1.0	1.0
30	-1.0	-0.0567
30	0.5567	-0.1833
30	0.6667	1.0
31	0.56	0.0167
31	-1.0	-0.7267
31	-1.0	-0.9967
31	0.52	-0.9967
31	0.9967	0.24
31	0.56	0.0167
31	0.52	-0.9967
31	0.9967	-0.9967
31	0.9967	1.0
31	0.6133	1.0
31	0.56	0.0167
31	0.9967	0.24
31	-1.0	1.0
31	-1.0	-0.7267
31	0.56	0.0167
31	0.6133	1.0
32	-0.0467	0.1133
32	-0.3667	-0.9967
32	0.9967	-0.9967
32	0.9967	0.0633
32	-1.0	0.1867
32	-1.0	-0.9967
32	-0.3667	-0.9967
32	-0.0467	0.1133
32	0.1833	1.0
32	-0.0467	0.1133
32	0.9967	0.0633
32	0.9967	1.0
32	-1.0	1.0
32	-1.0	0.1867
32	-0.0467	0.1133
32	0.1833	1.0
33	-0.0333	0.2833
33	0.1833	-0.9967
33	0.9967	-0.9967
33	0.9967	-0.0967
33	-1.0	0.6633
33	-1.0	-0.9967
33	0.1833	-0.9967
33	-0.0333	0.2833
33	-0.1733	1.0
33	-0.0333	0.2833
33	0.9967	-0.0967
33	0.9967	1.0
33	-1.0	1.0
33	-1.0	0.6633
33	-0.0333	0.2833
33	-0.1733	1.0
34	0.22	-0.1467
34	-0.02	-0.9967
34	0.9967	-0.9967
34	0.9967	-0.4433
34	-1.0	0.35
34	-1.0	-0.9967
34	-0.02	-0.9967
34	0.22	-0.1467
34	0.51	1.0
34	0.22	-0.1467
34	0.9967	-0.4433
34	0.9967	1.0
34	-1.0	1.0
34	-1.0	0.35
34	0.22	-0.1467
34	0.51	1.0
35	0.9967	0.1833
35	0.2867	0.42
35	-0.4467	-0.9967
35	0.9967	-0.9967
35	-1.0	0.89
35	-1.0	-0.9967
35	-0.4467	-0.9967
35	0.2867	0.42
35	0.5667	1.0
35	0.2867	0.42
35	0.9967	0.1833
35	0.9967	1.0
35	-1.0	0.89
35	0.2867	0.42
35	0.5667	1.0
35	-1.0	1.0
36	0.9967	0.1033
36	0.41	0.27
36	-0.3633	-0.9967
36	0.9967	-0.9967
36	-1.0	0.72
36	-1.0	-0.9967
36	-0.3633	-0.9967
36	0.41	0.27
36	0.8333	1.0
36	0.41	0.27
36	0.9967	0.1033
36	0.9967	1.0
36	-1.0	0.72
36	0.41	0.27
36	0.8333	1.0
36	-1.0	1.0
37	-0.3767	0.5367
37	-0.6467	-0.9967
37	0.9967	-0.9967
37	0.9967	-0.02
37	-1.0	0.81
37	-1.0	-0.9967
37	-0.6467	-0.9967
37	-0.3767	0.5367
37	-0.3133	1.0
37	-0.3767	0.5367
37	0.9967	-0.02
37	0.9967	1.0
37	-1.0	1.0
37	-1.0	0.81
37	-0.3767	0.5367
37	-0.3133	1.0
38	0.6067	-0.1
38	-1.0	-0.5867
38	-1.0	-0.9967
38	0.4067	-0.9967
38	0.9967	0.0333
38	0.6067	-0.1
38	0.4067	-0.9967
38	0.9967	-0.9967
38	0.9967	1.0
38	0.8667	1.0
38	0.6067	-0.1
38	0.9967	0.0333
38	-1.0	1.0
38	-1.0	-0.5867
38	0.6067	-0.1
38	0.8667	1.0
39	-0.6467	0.7567
39	0.4433	-0.9967
39	0.9967	-0.9967
39	0.9967	0.6233
39	-1.0	0.8
39	-1.0	-0.9967
39	0.4433	-0.9967
39	-0.6467	0.7567
39	-0.8167	1.0
39	-0.6467	0.7567
39	0.9967	0.6233
39	0.9967	1.0
39	-1.0	1.0
39	-1.0	0.8
39	-0.6467	0.7567
39	-0.8167	1.0
40	-0.6733	-0.9967
40	0.9967	-0.9967
40	0.9967	-0.7633
40	-0.17	0.1667
40	-1.0	0.8633
40	-1.0	-0.9967
40	-0.6733	-0.9967
40	-0.17	0.1667
40	0.17	1.0
40	-0.17	0.1667
40	0.9967	-0.7633
40	0.9967	1.0
40	-1.0	0.8633
40	-0.17	0.1667
40	0.17	1.0
40	-1.0	1.0
41	0.52	-0.1367
41	-1.0	-0.43
41	-1.0	-0.9967
41	0.4067	-0.9967
41	0.9967	-0.0267
41	0.52	-0.1367
41	0.4067	-0.9967
41	0.9967	-0.9967
41	0.9967	1.0
41	0.69	1.0
41	0.52	-0.1367
41	0.9967	-0.0267
41	-1.0	1.0
41	-1.0	-0.43
41	0.52	-0.1367
41	0.69	1.0
42	0.07	0.32
42	-1.0	-0.14
42	-1.0	-0.9967
42	-0.0667	-0.9967
42	0.9967	0.74
42	0.07	0.32
42	-0.0667	-0.9967
42	0.9967	-0.9967
42	0.07	0.32
42	0.9967	0.74
42	0.9967	1.0
42	0.1467	1.0
42	-1.0	1.0
42	-1.0	-0.14
42	0.07	0.32
42	0.1467	1.0
43	-0.8033	0.44
43	-0.62	-0.9967
43	0.9967	-0.9967
43	0.9967	-0.4133
43	-1.0	0.5467
43	-1.0	-0.9967
43	-0.62	-0.9967
43	-0.8033	0.44
43	-0.8933	1.0
43	-0.8033	0.44
43	0.9967	-0.4133
43	0.9967	1.0
43	-1.0	1.0
43	-1.0	0.5467
43	-0.8033	0.44
43	-0.8933	1.0
44	0.15	0.13
44	0.0867	-0.9967
44	0.9967	-0.9967
44	0.9967	-0.1967
44	-1.0	0.6067
44	-1.0	-0.9967
44	0.0867	-0.9967
44	0.15	0.13
44	0.1733	1.0
44	0.15	0.13
44	0.9967	-0.1967
44	0.9967	1.0
44	-1.0	1.0
44	-1.0	0.6067
44	0.15	0.13
44	0.1733	1.0
45	-0.3433	-0.9967
45	0.9967	-0.9967
45	0.9967	-0.8567
45	0.15	-0.2
45	-1.0	0.74
45	-1.0	-0.9967
45	-0.3433	-0.9967
45	0.15	-0.2
45	0.8567	1.0
45	0.15	-0.2
45	0.9967	-0.8567
45	0.9967	1.0
45	-1.0	0.74
45	0.15	-0.2
45	0.8567	1.0
45	-1.0	1.0
46	-0.3433	0.51
46	-1.0	0.4533
46	-1.0	-0.9967
46	-0.54	-0.9967
46	0.9967	0.6633
46	-0.3433	0.51
46	-0.54	-0.9967
46	0.9967	-0.9967
46	-0.3433	0.51
46	0.9967	0.6633
46	0.9967	1.0
46	-0.2767	1.0
46	-1.0	1.0
46	-1.0	0.4533
46	-0.3433	0.51
46	-0.2767	1.0
47	0.2733	-0.2167
47	-0.0033	-0.9967
47	0.9967	-0.9967
47	0.9967	-0.5567
47	-0.9967	0.42
47	-1.0	-0.9967
47	-0.0033	-0.9967
47	0.2733	-0.2167
47	0.6733	1.0
47	0.2733	-0.2167
47	0.9967	-0.5567
47	0.9967	1.0
47	-1.0	1.0
47	-0.9967	0.42
47	0.2733	-0.2167
47	0.6733	1.0
48	-0.89	-0.48
48	-1.0	-0.4967
48	-1.0	-0.9967
48	-0.89	-0.9967
48	0.9967	0.0633
48	-0.89	-0.48
48	-0.89	-0.9967
48	0.9967	-0.9967
48	-0.8533	1.0
48	-0.89	-0.48
48	0.9967	0.0633
48	0.9967	1.0
48	-0.8533	1.0
48	-1.0	1.0
48	-1.0	-0.4967
48	-0.89	-0.48
49	0.62	-0.9967
49	0.4633	-0.4733
49	-1.0	-0.9367
49	-1.0	-0.9367
49	0.9967	-0.29
49	0.4633	-0.4733
49	0.62	-0.9967
49	0.9967	-0.9967
49	0.0633	1.0
49	0.4633	-0.4733
49	0.9967	-0.29
49	0.9967	1.0
49	-1.0	1.0
49	-1.0	-0.9367
49	0.4633	-0.4733
49	0.0633	1.0
50	0.6967	0.0833
50	-1.0	-0.48
50	-1.0	-0.9967
50	0.5433	-0.9967
50	0.9967	0.1967
50	0.6967	0.0833
50	0.5433	-0.9967
50	0.9967	-0.9967
50	0.9967	1.0
50	0.8367	1.0
50	0.6967	0.0833
50	0.9967	0.1967
50	-1.0	1.0
50	-1.0	-0.48
50	0.6967	0.0833
50	0.8367	1.0
51	-0.4267	-0.6667
51	-0.9967	-0.95
51	-0.9967	-0.95
51	-0.52	-0.9967
51	0.9967	0.0533
51	-0.4267	-0.6667
51	-0.52	-0.9967
51	0.9967	-0.9967
51	0.9967	1.0
51	0.1167	1.0
51	-0.4267	-0.6667
51	0.9967	0.0533
51	0.1167	1.0
51	-1.0	1.0
51	-0.9967	-0.95
51	-0.4267	-0.6667
52	-0.79	-0.7333
52	-1.0	-0.88
52	-1.0	-0.9967
52	-0.8467	-0.9967
52	0.9967	0.67
52	-0.79	-0.7333
52	-0.8467	-0.9967
52	0.9967	-0.9967
52	0.9967	1.0
52	-0.3267	1.0
52	-0.79	-0.7333
52	0.9967	0.67
52	-0.3267	1.0
52	-1.0	1.0
52	-1.0	-0.88
52	-0.79	-0.7333
53	0.4133	-0.1533
53	-1.0	-0.51
53	-1.0	-0.9967
53	0.6433	-0.9967
53	0.9967	0.02
53	0.4133	-0.1533
53	0.6433	-0.9967
53	0.9967	-0.9967
53	0.1133	1.0
53	0.4133	-0.1533
53	0.9967	0.02
53	0.9967	1.0
53	-1.0	1.0
53	-1.0	-0.51
53	0.4133	-0.1533
53	0.1133	1.0
54	-0.9067	-0.9967
54	0.9967	-0.9967
54	0.9967	-0.1
54	-0.08	0.3467
54	-1.0	0.7567
54	-1.0	-0.9967
54	-0.9067	-0.9967
54	-0.08	0.3467
54	0.3	1.0
54	-0.08	0.3467
54	0.9967	-0.1
54	0.9967	1.0
54	-1.0	0.7567
54	-0.08	0.3467
54	0.3	1.0
54	-1.0	1.0
55	0.3267	-0.3133
55	0.1	-0.9967
55	0.9967	-0.9967
55	0.9967	-0.69
55	-1.0	0.4733
55	-1.0	-0.9967
55	0.1	-0.9967
55	0.3267	-0.3133
55	0.72	1.0
55	0.3267	-0.3133
55	0.9967	-0.69
55	0.9967	1.0
55	-1.0	1.0
55	-1.0	0.4733
55	0.3267	-0.3133
55	0.72	1.0
56	0.1633	0.2533
56	0.8267	-0.9967
56	0.9967	-0.9967
56	0.9967	0.0933
56	-1.0	0.5067
56	-1.0	-0.9967
56	0.8267	-0.9967
56	0.1633	0.2533
56	-0.2533	1.0
56	0.1633	0.2533
56	0.9967	0.0933
56	0.9967	1.0
56	-1.0	1.0
56	-1.0	0.5067
56	0.1633	0.2533
56	-0.2533	1.0
57	-0.1733	-0.2867
57	-0.31	-0.9967
57	0.9967	-0.9967
57	0.9967	-0.28
57	-1.0	-0.2633
57	-1.0	-0.9967
57	-0.31	-0.9967
57	-0.1733	-0.2867
57	0.04	1.0
57	-0.1733	-0.2867
57	0.9967	-0.28
57	0.9967	1.0
57	-1.0	1.0
57	-1.0	-0.2633
57	-0.1733	-0.2867
57	0.04	1.0
58	0.44	0.2767
58	0.2067	-0.9967
58	0.9967	-0.9967
58	0.9967	0.1567
58	-0.9933	0.63
58	-1.0	-0.9967
58	0.2067	-0.9967
58	0.44	0.2767
58	0.55	1.0
58	0.44	0.2767
58	0.9967	0.1567
58	0.9967	1.0
58	-1.0	1.0
58	-0.9933	0.63
58	0.44	0.2767
58	0.55	1.0
59	-0.75	0.81
59	-0.8733	-0.9967
59	0.9967	-0.9967
59	0.9967	0.1233
59	-1.0	0.9233
59	-1.0	-0.9967
59	-0.8733	-0.9967
59	-0.75	0.81
59	-0.75	1.0
59	-0.75	0.81
59	0.9967	0.1233
59	0.9967	1.0
59	-1.0	0.9233
59	-1.0	0.9233
59	-0.75	0.81
59	-0.75	1.0
60	0.4933	-0.9967
60	0.1333	-0.1833
60	-1.0	-0.2767
60	-1.0	-0.9967
60	0.9967	-0.09
60	0.1333	-0.1833
60	0.4933	-0.9967
60	0.9967	-0.9967
60	-0.3667	0.9967
60	0.1333	-0.1833
60	0.9967	-0.09
60	0.9967	1.0
60	-1.0	1.0
60	-1.0	-0.2767
60	0.1333	-0.1833
60	-0.3667	0.9967
61	0.34	0.5467
61	0.8767	-0.9967
61	0.9967	-0.9967
61	0.9967	0.5467
61	-1.0	0.59
61	-1.0	-0.9967
61	0.8767	-0.9967
61	0.34	0.5467
61	0.1633	1.0
61	0.34	0.5467
61	0.9967	0.5467
61	0.9967	1.0
61	-1.0	1.0
61	-1.0	0.59
61	0.34	0.5467
61	0.1633	1.0
62	0.2267	-0.0933
62	-1.0	-0.3267
62	-1.0	-0.9967
62	0.4367	-0.9967
62	0.9967	0.0733
62	0.2267	-0.0933
62	0.4367	-0.9967
62	0.9967	-0.9967
62	-0.0133	1.0
62	0.2267	-0.0933
62	0.9967	0.0733
62	0.9967	1.0
62	-1.0	1.0
62	-1.0	-0.3267
62	0.2267	-0.0933
62	-0.0133	1.0
63	0.2467	0.2467
63	-1.0	-0.6033
63	-1.0	-0.9967
63	0.4933	-0.9967
63	0.9967	0.78
63	0.2467	0.2467
63	0.4933	-0.9967
63	0.9967	-0.9967
63	0.1033	1.0
63	0.2467	0.2467
63	0.9967	0.78
63	0.9967	1.0
63	0.1033	1.0
63	-1.0	1.0
63	-1.0	-0.6033
63	0.2467	0.2467
64	-0.1567	-0.14
64	-1.0	-0.6967
64	-1.0	-0.9967
64	0.08	-0.9967
64	0.9967	0.6533
64	-0.1567	-0.14
64	0.08	-0.9967
64	0.9967	-0.9967
64	-0.4533	1.0
64	-0.1567	-0.14
64	0.9967	0.6533
64	0.9967	1.0
64	-0.4533	1.0
64	-1.0	1.0
64	-1.0	-0.6967
64	-0.1567	-0.14
65	0.2933	0.31
65	-1.0	-0.6167
65	-1.0	-0.9967
65	0.5633	-0.9967
65	0.9967	0.8367
65	0.2933	0.31
65	0.5633	-0.9967
65	0.9967	-0.9967
65	0.2933	0.31
65	0.9967	0.8367
65	0.9967	1.0
65	0.1567	1.0
65	0.1567	1.0
65	-1.0	1.0
65	-1.0	-0.6167
65	0.2933	0.31
66	0.77	0.1833
66	-1.0	-0.6267
66	-1.0	-0.9967
66	0.5367	-0.9967
66	0.9967	0.3033
66	0.77	0.1833
66	0.5367	-0.9967
66	0.9967	-0.9967
66	0.9967	1.0
66	0.9967	1.0
66	0.77	0.1833
66	0.9967	0.3033
66	-1.0	-0.6267
66	0.77	0.1833
66	0.9967	1.0
66	-1.0	1.0
67	0.6333	-0.35
67	0.8867	-0.9967
67	0.9967	-0.9967
67	0.9967	-0.4467
67	-1.0	0.1567
67	-1.0	-0.9967
67	0.8867	-0.9967
67	0.6333	-0.35
67	0.0667	1.0
67	0.6333	-0.35
67	0.9967	-0.4467
67	0.9967	1.0
67	-1.0	1.0
67	-1.0	0.1567
67	0.6333	-0.35
67	0.0667	1.0
68	-0.1267	-0.9967
68	0.9967	-0.9967
68	0.9967	-0.5767
68	0.1533	-0.3667
68	-1.0	-0.0467
68	-1.0	-0.9967
68	-0.1267	-0.9967
68	0.1533	-0.3667
68	0.7167	1.0
68	0.1533	-0.3667
68	0.9967	-0.5767
68	0.9967	1.0
68	-1.0	1.0
68	-1.0	-0.0467
68	0.1533	-0.3667
68	0.7167	1.0
69	0.4233	0.05
69	0.77	-0.9967
69	0.9967	-0.9967
69	0.9967	0.06
69	-1.0	0.0667
69	-1.0	-0.9967
69	0.77	-0.9967
69	0.4233	0.05
69	0.08	1.0
69	0.4233	0.05
69	0.9967	0.06
69	0.9967	1.0
69	-1.0	1.0
69	-1.0	0.0667
69	0.4233	0.05
69	0.08	1.0
70	-0.65	-0.14
70	-1.0	-0.28
70	-1.0	-0.9967
70	-0.67	-0.9967
70	0.9967	0.6
70	-0.65	-0.14
70	-0.67	-0.9967
70	0.9967	-0.9967
70	-0.65	-0.14
70	0.9967	0.6
70	0.9967	1.0
70	-0.6067	1.0
70	-0.6067	1.0
70	-1.0	1.0
70	-1.0	-0.28
70	-0.65	-0.14
71	-0.7933	-0.3367
71	-1.0	-0.3367
71	-1.0	-0.9967
71	-0.8267	-0.9967
71	0.9967	-0.1967
71	-0.7933	-0.3367
71	-0.8267	-0.9967
71	0.9967	-0.9967
71	-0.6967	1.0
71	-0.7933	-0.3367
71	0.9967	-0.1967
71	0.9967	1.0
71	-1.0	1.0
71	-1.0	-0.3367
71	-0.7933	-0.3367
71	-0.6967	1.0
72	0.21	-0.0533
72	-0.16	-0.9967
72	0.9967	-0.9967
72	0.9967	-0.2767
72	-1.0	0.3233
72	-1.0	-0.9967
72	-0.16	-0.9967
72	0.21	-0.0533
72	0.5933	1.0
72	0.21	-0.0533
72	0.9967	-0.2767
72	0.9967	1.0
72	-1.0	0.3233
72	0.21	-0.0533
72	0.5933	1.0
72	-1.0	1.0
73	0.47	-0.9967
73	0.0	0.0533
73	-1.0	-0.3733
73	-1.0	-0.9967
73	0.9967	0.5033
73	0.0	0.0533
73	0.47	-0.9967
73	0.9967	-0.9967
73	-0.41	1.0
73	0.0	0.0533
73	0.9967	0.5033
73	0.9967	1.0
73	-0.41	1.0
73	-1.0	1.0
73	-1.0	-0.3733
73	0.0	0.0533
74	-0.0733	0.5733
74	0.8633	-0.9967
74	0.9967	-0.9967
74	0.9967	0.15
74	-1.0	0.95
74	-1.0	-0.9967
74	0.8633	-0.9967
74	-0.0733	0.5733
74	-0.3467	1.0
74	-0.0733	0.5733
74	0.9967	0.15
74	0.9967	1.0
74	-1.0	0.95
74	-1.0	0.95
74	-0.0733	0.5733
74	-0.3467	1.0
75	-0.5333	0.7
75	0.7467	-0.9967
75	0.9967	-0.9967
75	0.9967	0.1
75	-1.0	0.9
75	-1.0	-0.9967
75	0.7467	-0.9967
75	-0.5333	0.7
75	-0.78	1.0
75	-0.5333	0.7
75	0.9967	0.1
75	0.9967	1.0
75	-1.0	1.0
75	-1.0	0.9
75	-0.5333	0.7
75	-0.78	1.0
76	0.2367	-0.07
76	-1.0	-0.5767
76	-1.0	-0.9967
76	-0.1	-0.9967
76	0.9967	0.26
76	0.2367	-0.07
76	-0.1	-0.9967
76	0.9967	-0.9967
76	0.9967	1.0
76	0.6433	1.0
76	0.2367	-0.07
76	0.9967	0.26
76	-1.0	-0.5767
76	0.2367	-0.07
76	0.6433	1.0
76	-1.0	1.0
77	0.25	-0.1767
77	0.8567	-0.9967
77	0.9967	-0.9967
77	0.9967	-0.59
77	-0.9967	0.55
77	-1.0	-0.9967
77	0.8567	-0.9967
77	0.25	-0.1767
77	-0.66	1.0
77	0.25	-0.1767
77	0.9967	-0.59
77	0.9967	1.0
77	-1.0	1.0
77	-0.9967	0.55
77	0.25	-0.1767
77	-0.66	1.0
78	-0.66	0.0767
78	-1.0	0.04
78	-1.0	-0.9967
78	-0.75	-0.9967
78	0.9967	0.34
78	-0.66	0.0767
78	-0.75	-0.9967
78	0.9967	-0.9967
78	-0.57	1.0
78	-0.66	0.0767
78	0.9967	0.34
78	0.9967	1.0
78	-1.0	1.0
78	-1.0	0.04
78	-0.66	0.0767
78	-0.57	1.0
79	0.9967	0.3133
79	0.47	0.3433
79	-0.0967	-0.9967
79	0.9967	-0.9967
79	-1.0	0.48
79	-1.0	-0.9967
79	-0.0967	-0.9967
79	0.47	0.3433
79	0.73	1.0
79	0.47	0.3433
79	0.9967	0.3133
79	0.9967	1.0
79	-1.0	0.48
79	0.47	0.3433
79	0.73	1.0
79	-1.0	1.0
80	-0.6533	0.1167
80	-0.59	-0.9967
80	0.9967	-0.9967
80	0.9967	0.1067
80	-1.0	0.1367
80	-1.0	-0.9967
80	-0.59	-0.9967
80	-0.6533	0.1167
80	-0.73	1.0
80	-0.6533	0.1167
80	0.9967	0.1067
80	0.9967	1.0
80	-1.0	1.0
80	-1.0	0.1367
80	-0.6533	0.1167
80	-0.73	1.0
81	-0.4233	0.0133
81	-1.0	-0.0967
81	-1.0	-0.9967
81	-0.2967	-0.9967
81	0.9967	0.3267
81	-0.4233	0.0133
81	-0.2967	-0.9967
81	0.9967	-0.9967
81	-0.5367	1.0
81	-0.4233	0.0133
81	0.9967	0.3267
81	0.9967	1.0
81	-1.0	1.0
81	-1.0	-0.0967
81	-0.4233	0.0133
81	-0.5367	1.0
82	0.6733	0.2
82	0.7133	-0.9967
82	0.9967	-0.9967
82	0.9967	0.1767
82	-1.0	0.4067
82	-1.0	-0.9967
82	0.7133	-0.9967
82	0.6733	0.2
82	0.6267	1.0
82	0.6733	0.2
82	0.9967	0.1767
82	0.9967	1.0
82	-1.0	1.0
82	-1.0	0.4067
82	0.6733	0.2
82	0.6267	1.0
83	-0.23	0.1633
83	0.51	-0.9967
83	0.9967	-0.9967
83	0.9967	-0.1767
83	-1.0	0.4
83	-1.0	-0.9967
83	0.51	-0.9967
83	-0.23	0.1633
83	-0.7867	1.0
83	-0.23	0.1633
83	0.9967	-0.1767
83	0.9967	1.0
83	-1.0	1.0
83	-1.0	0.4
83	-0.23	0.1633
83	-0.7867	1.0
84	-0.1167	0.5267
84	-1.0	0.43
84	-1.0	-0.9967
84	-0.5367	-0.9967
84	0.9967	0.68
84	-0.1167	0.5267
84	-0.5367	-0.9967
84	0.9967	-0.9967
84	-0.1167	0.5267
84	0.9967	0.68
84	0.9967	1.0
84	0.02	1.0
84	-1.0	0.43
84	-0.1167	0.5267
84	0.02	1.0
84	-1.0	1.0
85	-0.0967	-0.19
85	-1.0	-0.45
85	-1.0	-0.9967
85	-0.0167	-0.9967
85	0.9967	0.1533
85	-0.0967	-0.19
85	-0.0167	-0.9967
85	0.9967	-0.9967
85	-0.1933	1.0
85	-0.0967	-0.19
85	0.9967	0.1533
85	0.9967	1.0
85	-1.0	1.0
85	-1.0	-0.45
85	-0.0967	-0.19
85	-0.1933	1.0
86	-0.4067	-0.08
86	-0.4467	-0.9967
86	0.9967	-0.9967
86	0.9967	-0.2533
86	-1.0	0.0133
86	-1.0	-0.9967
86	-0.4467	-0.9967
86	-0.4067	-0.08
86	-0.3867	1.0
86	-0.4067	-0.08
86	0.9967	-0.2533
86	0.9967	1.0
86	-1.0	1.0
86	-1.0	0.0133
86	-0.4067	-0.08
86	-0.3867	1.0
87	0.6567	0.06
87	-1.0	0.0
87	-1.0	-0.9967
87	0.6267	-0.9967
87	0.9967	0.0867
87	0.6567	0.06
87	0.6267	-0.9967
87	0.9967	-0.9967
87	0.6933	1.0
87	0.6567	0.06
87	0.9967	0.0867
87	0.9967	1.0
87	-1.0	1.0
87	-1.0	0.0
87	0.6567	0.06
87	0.6933	1.0
88	-0.04	0.3133
88	0.0967	-0.9967
88	0.9967	-0.9967
88	0.9967	-0.1167
88	-0.9967	0.7333
88	-1.0	-0.9967
88	0.0967	-0.9967
88	-0.04	0.3133
88	-0.13	1.0
88	-0.04	0.3133
88	0.9967	-0.1167
88	0.9967	1.0
88	-1.0	1.0
88	-0.9967	0.7333
88	-0.04	0.3133
88	-0.13	1.0
89	0.4833	-0.47
89	0.4833	-0.9967
89	0.9967	-0.9967
89	0.9967	-0.61
89	-1.0	-0.01
89	-1.0	-0.9967
89	0.4833	-0.9967
89	0.4833	-0.47
89	0.4367	1.0
89	0.4833	-0.47
89	0.9967	-0.61
89	0.9967	1.0
89	-1.0	1.0
89	-1.0	-0.01
89	0.4833	-0.47
89	0.4367	1.0
90	-0.4367	0.4
90	-0.09	-0.9967
90	0.9967	-0.9967
90	0.9967	-0.1833
90	-1.0	0.65
90	-1.0	-0.9967
90	-0.09	-0.9967
90	-0.4367	0.4
90	-0.6033	1.0
90	-0.4367	0.4
90	0.9967	-0.1833
90	0.9967	1.0
90	-1.0	1.0
90	-1.0	0.65
90	-0.4367	0.4
90	-0.6033	1.0
91	-0.56	-0.3833
91	-1.0	-0.6233
91	-1.0	-0.9967
91	-0.65	-0.9967
91	0.9967	0.5333
91	-0.56	-0.3833
91	-0.65	-0.9967
91	0.9967	-0.9967
91	-0.56	-0.3833
91	0.9967	0.5333
91	0.9967	1.0
91	-0.33	1.0
91	-0.33	1.0
91	-1.0	1.0
91	-1.0	-0.6233
91	-0.56	-0.3833
92	0.4367	-0.4
92	0.3967	-0.9967
92	0.9967	-0.9967
92	0.9967	-0.5633
92	-1.0	0.0667
92	-1.0	-0.9967
92	0.3967	-0.9967
92	0.4367	-0.4
92	0.4867	1.0
92	0.4367	-0.4
92	0.9967	-0.5633
92	0.9967	1.0
92	-1.0	1.0
92	-1.0	0.0667
92	0.4367	-0.4
92	0.4867	1.0
93	0.9967	0.72
93	0.6267	0.7233
93	-0.87	-0.9967
93	0.9967	-0.9967
93	0.6267	0.7233
93	-1.0	0.81
93	-1.0	-0.9967
93	-0.87	-0.9967
93	0.9967	1.0
93	0.8467	1.0
93	0.6267	0.7233
93	0.9967	0.72
93	-1.0	0.81
93	0.6267	0.7233
93	0.8467	1.0
93	-1.0	1.0
94	0.5933	-0.9967
94	-0.0067	-0.0733
94	-1.0	-0.87
94	-1.0	-0.9967
94	0.9967	0.7633
94	-0.0067	-0.0733
94	0.5933	-0.9967
94	0.9967	-0.9967
94	-0.6867	1.0
94	-0.0067	-0.0733
94	0.9967	0.7633
94	0.9967	1.0
94	-0.6867	1.0
94	-1.0	1.0
94	-1.0	-0.87
94	-0.0067	-0.0733
95	0.33	-0.73
95	0.2833	-0.9967
95	0.9967	-0.9967
95	0.9967	-0.72
95	-1.0	-0.9967
95	0.2833	-0.9967
95	0.33	-0.73
95	-1.0	-0.7067
95	0.5433	1.0
95	0.33	-0.73
95	0.9967	-0.72
95	0.9967	1.0
95	-1.0	1.0
95	-1.0	-0.7067
95	0.33	-0.73
95	0.5433	1.0
96	0.0167	-0.7433
96	-0.9767	-0.9533
96	-0.9767	-0.9533
96	0.0033	-0.9967
96	0.9967	-0.52
96	0.0167	-0.7433
96	0.0033	-0.9967
96	0.9967	-0.9967
96	0.9967	1.0
96	0.2067	1.0
96	0.0167	-0.7433
96	0.9967	-0.52
96	-1.0	1.0
96	-0.9767	-0.9533
96	0.0167	-0.7433
96	0.2067	1.0
97	-0.68	0.2867
97	-0.55	-0.9967
97	0.9967	-0.9967
97	0.9967	-0.5667
97	-1.0	0.4667
97	-1.0	-0.9967
97	-0.55	-0.9967
97	-0.68	0.2867
97	-0.7733	1.0
97	-0.68	0.2867
97	0.9967	-0.5667
97	0.9967	1.0
97	-1.0	1.0
97	-1.0	0.4667
97	-0.68	0.2867
97	-0.7733	1.0
98	0.8733	-0.9967
98	0.6733	-0.66
98	-1.0	-0.7
98	-1.0	-0.9967
98	0.6733	-0.66
98	0.8733	-0.9967
98	0.9967	-0.9967
98	0.9967	-0.6367
98	-0.2567	1.0
98	0.6733	-0.66
98	0.9967	-0.6367
98	0.9967	1.0
98	-1.0	1.0
98	-1.0	-0.7
98	0.6733	-0.66
98	-0.2567	1.0
99	0.6233	0.4967
99	-1.0	-0.85
99	-1.0	-0.9967
99	0.6533	-0.9967
99	0.9967	0.8233
99	0.6233	0.4967
99	0.6533	-0.9967
99	0.9967	-0.9967
99	0.9967	1.0
99	0.6167	1.0
99	0.6233	0.4967
99	0.9967	0.8233
99	0.6167	1.0
99	-1.0	1.0
99	-1.0	-0.85
99	0.6233	0.4967
100	-0.3667	0.27
100	0.0133	-0.9967
100	0.9967	-0.9967
100	0.9967	-0.4233
100	-1.0	0.6133
100	-1.0	-0.9967
100	0.0133	-0.9967
100	-0.3667	0.27
100	-0.6067	1.0
100	-0.3667	0.27
100	0.9967	-0.4233
100	0.9967	1.0
100	-1.0	1.0
100	-1.0	0.6133
100	-0.3667	0.27
100	-0.6067	1.0
101	-0.0367	-0.1
101	-1.0	-0.1667
101	-1.0	-0.9967
101	-0.65	-0.9967
101	0.9967	-0.0033
101	-0.0367	-0.1
101	-0.65	-0.9967
101	0.9967	-0.9967
101	0.9967	1.0
101	0.7367	1.0
101	-0.0367	-0.1
101	0.9967	-0.0033
101	-1.0	-0.1667
101	-0.0367	-0.1
101	0.7367	1.0
101	-1.0	1.0
102	-0.1733	0.38
102	-0.45	-0.9967
102	0.9967	-0.9967
102	0.9967	0.3
102	-1.0	0.46
102	-1.0	-0.9967
102	-0.45	-0.9967
102	-0.1733	0.38
102	-0.07	1.0
102	-0.1733	0.38
102	0.9967	0.3
102	0.9967	1.0
102	-1.0	1.0
102	-1.0	0.46
102	-0.1733	0.38
102	-0.07	1.0
103	0.37	0.5633
103	-1.0	0.3167
103	-1.0	-0.9967
103	-0.7	-0.9967
103	0.9967	0.6967
103	0.37	0.5633
103	-0.7	-0.9967
103	0.9967	-0.9967
103	0.9967	1.0
103	0.6733	1.0
103	0.37	0.5633
103	0.9967	0.6967
103	-1.0	0.3167
103	0.37	0.5633
103	0.6733	1.0
103	-1.0	1.0
104	-0.5333	0.7533
104	-1.0	0.72
104	-1.0	-0.9967
104	-0.4767	-0.9967
104	0.9967	0.92
104	-0.5333	0.7533
104	-0.4767	-0.9967
104	0.9967	-0.9967
104	-0.54	1.0
104	-0.5333	0.7533
104	0.9967	0.92
104	0.9967	0.92
104	-1.0	1.0
104	-1.0	0.72
104	-0.5333	0.7533
104	-0.54	1.0
105	0.7867	-0.9967
105	0.2867	-0.22
105	-1.0	-0.6467
105	-1.0	-0.9967
105	0.9967	0.0333
105	0.2867	-0.22
105	0.7867	-0.9967
105	0.9967	-0.9967
105	-0.4767	1.0
105	0.2867	-0.22
105	0.9967	0.0333
105	0.9967	1.0
105	-1.0	1.0
105	-1.0	-0.6467
105	0.2867	-0.22
105	-0.4767	1.0
106	0.4867	0.6367
106	-1.0	0.35
106	-1.0	-0.9967
106	-0.0967	-0.9967
106	0.9967	0.7533
106	0.4867	0.6367
106	-0.0967	-0.9967
106	0.9967	-0.9967
106	0.4867	0.6367
106	0.9967	0.7533
106	0.9967	1.0
106	0.62	1.0
106	-1.0	0.35
106	0.4867	0.6367
106	0.62	1.0
106	-1.0	1.0
107	-0.6467	-0.21
107	-1.0	-0.26
107	-1.0	-0.9967
107	-0.6967	-0.9967
107	0.9967	0.09
107	-0.6467	-0.21
107	-0.6967	-0.9967
107	0.9967	-0.9967
107	-0.55	1.0
107	-0.6467	-0.21
107	0.9967	0.09
107	0.9967	1.0
107	-0.55	1.0
107	-1.0	1.0
107	-1.0	-0.26
107	-0.6467	-0.21
108	0.74	-0.3333
108	-1.0	-0.4267
108	-1.0	-0.9967
108	0.7733	-0.9967
108	0.9967	-0.3033
108	0.74	-0.3333
108	0.7733	-0.9967
108	0.9967	-0.9967
108	0.7	1.0
108	0.74	-0.3333
108	0.9967	-0.3033
108	0.9967	1.0
108	-1.0	1.0
108	-1.0	-0.4267
108	0.74	-0.3333
108	0.7	1.0
109	-0.7233	-0.9967
109	0.9967	-0.9967
109	0.9967	-0.8467
109	-0.4567	-0.3567
109	-1.0	-0.1533
109	-1.0	-0.9967
109	-0.7233	-0.9967
109	-0.4567	-0.3567
109	0.0667	1.0
109	-0.4567	-0.3567
109	0.9967	-0.8467
109	0.9967	1.0
109	-1.0	1.0
109	-1.0	-0.1533
109	-0.4567	-0.3567
109	0.0667	1.0
110	0.2133	0.0533
110	-1.0	-0.7933
110	-1.0	-0.9967
110	-0.2533	-0.9967
110	0.9967	0.6233
110	0.2133	0.0533
110	-0.2533	-0.9967
110	0.9967	-0.9967
110	0.9967	1.0
110	0.6467	1.0
110	0.2133	0.0533
110	0.9967	0.6233
110	0.6467	1.0
110	-1.0	1.0
110	-1.0	-0.7933
110	0.2133	0.0533
111	-0.55	-0.6433
111	-1.0	-0.6667
111	-1.0	-0.9967
111	-0.5067	-0.9967
111	0.9967	-0.5033
111	-0.55	-0.6433
111	-0.5067	-0.9967
111	0.9967	-0.9967
111	-0.6933	1.0
111	-0.55	-0.6433
111	0.9967	-0.5033
111	0.9967	1.0
111	-1.0	1.0
111	-1.0	-0.6667
111	-0.55	-0.6433
111	-0.6933	1.0
112	0.22	0.6033
112	-1.0	0.3833
112	-1.0	-0.9967
112	0.52	-0.9967
112	0.9967	0.7633
112	0.22	0.6033
112	0.52	-0.9967
112	0.9967	-0.9967
112	0.15	1.0
112	0.22	0.6033
112	0.9967	0.7633
112	0.9967	1.0
112	-1.0	1.0
112	-1.0	0.3833
112	0.22	0.6033
112	0.15	1.0
113	-0.27	-0.9967
113	0.9967	-0.9967
113	0.9967	-0.54
113	0.1433	-0.26
113	-1.0	0.1467
113	-1.0	-0.9967
113	-0.27	-0.9967
113	0.1433	-0.26
113	0.8167	1.0
113	0.1433	-0.26
113	0.9967	-0.54
113	0.9967	1.0
113	-1.0	0.1467
113	0.1433	-0.26
113	0.8167	1.0
113	-1.0	1.0
114	0.1067	0.67
114	-1.0	0.3733
114	-1.0	-0.9967
114	0.76	-0.9967
114	0.9967	0.93
114	0.1067	0.67
114	0.76	-0.9967
114	0.9967	-0.9967
114	-0.02	1.0
114	0.1067	0.67
114	0.9967	0.93
114	0.9967	0.93
114	-1.0	1.0
114	-1.0	0.3733
114	0.1067	0.67
114	-0.02	1.0
115	0.0267	0.0967
115	0.08	-0.9967
115	0.9967	-0.9967
115	0.9967	-0.2767
115	-1.0	0.52
115	-1.0	-0.9967
115	0.08	-0.9967
115	0.0267	0.0967
115	-0.04	1.0
115	0.0267	0.0967
115	0.9967	-0.2767
115	0.9967	1.0
115	-1.0	1.0
115	-1.0	0.52
115	0.0267	0.0967
115	-0.04	1.0
116	-0.3667	0.63
116	-0.2333	-0.9967
116	0.9967	-0.9967
116	0.9967	0.4067
116	-1.0	0.7533
116	-1.0	-0.9967
116	-0.2333	-0.9967
116	-0.3667	0.63
116	-0.4133	1.0
116	-0.3667	0.63
116	0.9967	0.4067
116	0.9967	1.0
116	-1.0	1.0
116	-1.0	0.7533
116	-0.3667	0.63
116	-0.4133	1.0
117	0.6833	-0.0133
117	-1.0	-0.19
117	-1.0	-0.9967
117	0.7333	-0.9967
117	0.9967	0.0367
117	0.6833	-0.0133
117	0.7333	-0.9967
117	0.9967	-0.9967
117	0.6433	1.0
117	0.6833	-0.0133
117	0.9967	0.0367
117	0.9967	1.0
117	-1.0	1.0
117	-1.0	-0.19
117	0.6833	-0.0133
117	0.6433	1.0
118	-0.3	0.2567
118	-1.0	0.0733
118	-1.0	-0.9967
118	-0.43	-0.9967
118	0.9967	0.6333
118	-0.3	0.2567
118	-0.43	-0.9967
118	0.9967	-0.9967
118	-0.3	0.2567
118	0.9967	0.6333
118	0.9967	1.0
118	-0.2133	1.0
118	-1.0	1.0
118	-1.0	0.0733
118	-0.3	0.2567
118	-0.2133	1.0
119	0.59	-0.9967
119	0.1633	-0.3933
119	-1.0	-0.5867
119	-1.0	-0.9967
119	0.9967	-0.23
119	0.1633	-0.3933
119	0.59	-0.9967
119	0.9967	-0.9967
119	-0.7867	1.0
119	0.1633	-0.3933
119	0.9967	-0.23
119	0.9967	1.0
119	-1.0	1.0
119	-1.0	-0.5867
119	0.1633	-0.3933
119	-0.7867	1.0
120	-0.4333	-0.9967
120	0.9967	-0.9967
120	0.9967	-0.8967
120	-0.21	-0.35
120	-1.0	0.03
120	-1.0	-0.9967
120	-0.4333	-0.9967
120	-0.21	-0.35
120	0.2167	1.0
120	-0.21	-0.35
120	0.9967	-0.8967
120	0.9967	1.0
120	-1.0	1.0
120	-1.0	0.03
120	-0.21	-0.35
120	0.2167	1.0
121	-0.5167	0.6467
121	-0.3367	-0.9967
121	0.9967	-0.9967
121	0.9967	-0.2733
121	-1.0	0.9433
121	-1.0	-0.9967
121	-0.3367	-0.9967
121	-0.5167	0.6467
121	-0.57	1.0
121	-0.5167	0.6467
121	0.9967	-0.2733
121	0.9967	1.0
121	-1.0	0.9433
121	-1.0	0.9433
121	-0.5167	0.6467
121	-0.57	1.0
122	-1.0	0.2967
122	-1.0	-0.9967
122	-0.3167	-0.9967
122	-0.7467	0.3567
122	0.9967	0.8733
122	-0.7467	0.3567
122	-0.3167	-0.9967
122	0.9967	-0.9967
122	-0.9333	1.0
122	-0.7467	0.3567
122	0.9967	0.8733
122	0.9967	1.0
122	-0.9333	1.0
122	-0.9333	1.0
122	-1.0	0.2967
122	-0.7467	0.3567
123	0.2633	-0.0667
123	-1.0	-0.15
123	-1.0	-0.9967
123	-0.2967	-0.9967
123	0.9967	0.0033
123	0.2633	-0.0667
123	-0.2967	-0.9967
123	0.9967	-0.9967
123	0.9967	1.0
123	0.9967	1.0
123	0.2633	-0.0667
123	0.9967	0.0033
123	-1.0	-0.15
123	0.2633	-0.0667
123	0.9967	1.0
123	-1.0	1.0
124	0.86	-0.9967
124	0.4433	0.1367
124	-1.0	-0.3933
124	-1.0	-0.9967
124	0.9967	0.36
124	0.4433	0.1367
124	0.86	-0.9967
124	0.9967	-0.9967
124	0.1367	1.0
124	0.4433	0.1367
124	0.9967	0.36
124	0.9967	1.0
124	-1.0	1.0
124	-1.0	-0.3933
124	0.4433	0.1367
124	0.1367	1.0
125	-0.35	0.5467
125	-1.0	0.41
125	-1.0	-0.9967
125	-0.5333	-0.9967
125	0.9867	0.8633
125	-0.35	0.5467
125	-0.5333	-0.9967
125	0.9967	-0.9967
125	-0.35	0.5467
125	0.9867	0.8633
125	0.9967	1.0
125	-0.2933	1.0
125	-1.0	1.0
125	-1.0	0.41
125	-0.35	0.5467
125	-0.2933	1.0
126	-0.3233	-0.0133
126	-1.0	-0.06
126	-1.0	-0.9967
126	0.0733	-0.9967
126	0.9967	0.1133
126	-0.3233	-0.0133
126	0.0733	-0.9967
126	0.9967	-0.9967
126	-0.72	1.0
126	-0.3233	-0.0133
126	0.9967	0.1133
126	0.9967	1.0
126	-1.0	1.0
126	-1.0	-0.06
126	-0.3233	-0.0133
126	-0.72	1.0
127	-0.6467	-0.16
127	-0.7033	-0.9967
127	0.9967	-0.9967
127	0.9967	-0.7567
127	-1.0	-0.0167
127	-1.0	-0.9967
127	-0.7033	-0.9967
127	-0.6467	-0.16
127	-0.5967	1.0
127	-0.6467	-0.16
127	0.9967	-0.7567
127	0.9967	1.0
127	-1.0	1.0
127	-1.0	-0.0167
127	-0.6467	-0.16
127	-0.5967	1.0
128	0.9167	-0.9967
128	0.0533	0.2467
128	-1.0	0.21
128	-1.0	-0.9967
128	0.0533	0.2467
128	0.9167	-0.9967
128	0.9167	-0.9967
128	0.9967	0.3067
128	-0.46	1.0
128	0.0533	0.2467
128	0.9967	0.3067
128	0.9967	1.0
128	-1.0	1.0
128	-1.0	0.21
128	0.0533	0.2467
128	-0.46	1.0
129	-0.68	0.7667
129	0.6067	-0.9967
129	0.9967	-0.9967
129	0.9967	-0.2467
129	-1.0	0.9633
129	-1.0	-0.9967
129	0.6067	-0.9967
129	-0.68	0.7667
129	-0.8667	1.0
129	-0.68	0.7667
129	0.9967	-0.2467
129	0.9967	1.0
129	-1.0	0.9633
129	-1.0	0.9633
129	-0.68	0.7667
129	-0.8667	1.0
130	-0.66	0.65
130	-1.0	0.62
130	-0.92	-0.9833
130	-0.92	-0.9833
130	0.9833	0.87
130	-0.66	0.65
130	-0.92	-0.9833
130	0.9967	-0.9967
130	-0.66	0.65
130	0.9833	0.87
130	0.9967	1.0
130	-0.6033	1.0
130	-1.0	1.0
130	-1.0	0.62
130	-0.66	0.65
130	-0.6033	1.0
131	0.63	-0.0033
131	0.7033	-0.9967
131	0.9967	-0.9967
131	0.9967	-0.1933
131	-0.9967	0.9167
131	-1.0	-0.9967
131	0.7033	-0.9967
131	0.63	-0.0033
131	0.53	1.0
131	0.63	-0.0033
131	0.9967	-0.1933
131	0.9967	1.0
131	-1.0	1.0
131	-0.9967	0.9167
131	0.63	-0.0033
131	0.53	1.0
132	-1.0	0.4433
132	-1.0	-0.9967
132	0.2767	-0.9967
132	-0.3933	0.5367
132	0.9967	0.7933
132	-0.3933	0.5367
132	0.2767	-0.9967
132	0.9967	-0.9967
132	-0.5933	1.0
132	-0.3933	0.5367
132	0.9967	0.7933
132	0.9967	1.0
132	-1.0	1.0
132	-1.0	0.4433
132	-0.3933	0.5367
132	-0.5933	1.0
133	0.3967	-0.3433
133	0.1733	-0.9967
133	0.9967	-0.9967
133	0.9967	-0.6867
133	-1.0	0.5067
133	-1.0	-0.9967
133	0.1733	-0.9967
133	0.3967	-0.3433
133	0.8167	1.0
133	0.3967	-0.3433
133	0.9967	-0.6867
133	0.9967	1.0
133	-1.0	1.0
133	-1.0	0.5067
133	0.3967	-0.3433
133	0.8167	1.0
134	0.3333	-0.9967
134	-0.0967	-0.31
134	-1.0	-0.8167
134	-1.0	-0.9967
134	0.9967	0.3433
134	-0.0967	-0.31
134	0.3333	-0.9967
134	0.9967	-0.9967
134	-0.8867	1.0
134	-0.0967	-0.31
134	0.9967	0.3433
134	0.9967	1.0
134	-0.8867	1.0
134	-1.0	1.0
134	-1.0	-0.8167
134	-0.0967	-0.31
135	0.79	-0.3533
135	0.7333	-0.9967
135	0.9967	-0.9967
135	0.9967	-0.4433
135	-0.9967	0.55
135	-1.0	-0.9967
135	0.7333	-0.9967
135	0.79	-0.3533
135	0.87	1.0
135	0.79	-0.3533
135	0.9967	-0.4433
135	0.9967	1.0
135	-1.0	1.0
135	-0.9967	0.55
135	0.79	-0.3533
135	0.87	1.0
136	-0.0833	0.1167
136	0.28	-0.9967
136	0.9967	-0.9967
136	0.9967	-0.36
136	-0.9967	0.5433
136	-1.0	-0.9967
136	0.28	-0.9967
136	-0.0833	0.1167
136	-0.3967	1.0
136	-0.0833	0.1167
136	0.9967	-0.36
136	0.9967	1.0
136	-1.0	1.0
136	-0.9967	0.5433
136	-0.0833	0.1167
136	-0.3967	1.0
137	0.88	0.7533
137	-1.0	-0.1733
137	-1.0	-0.9967
137	0.63	-0.9967
137	0.9967	0.8267
137	0.88	0.7533
137	0.63	-0.9967
137	0.9967	-0.9967
137	0.9967	1.0
137	0.9967	1.0
137	0.88	0.7533
137	0.9967	0.8267
137	-1.0	-0.1733
137	0.88	0.7533
137	0.9967	1.0
137	-1.0	1.0
138	0.6367	-0.0467
138	-1.0	-0.1067
138	-1.0	-0.9967
138	0.76	-0.9967
138	0.9967	-0.0167
138	0.6367	-0.0467
138	0.76	-0.9967
138	0.9967	-0.9967
138	0.5133	1.0
138	0.6367	-0.0467
138	0.9967	-0.0167
138	0.9967	1.0
138	-1.0	1.0
138	-1.0	-0.1067
138	0.6367	-0.0467
138	0.5133	1.0
139	0.7133	0.8567
139	-1.0	0.2467
139	-1.0	-0.9967
139	-0.11	-0.9967
139	0.9967	0.96
139	0.7133	0.8567
139	-0.11	-0.9967
139	0.9967	-0.9967
139	0.7133	0.8567
139	0.9967	0.96
139	0.9967	0.96
139	0.78	1.0
139	-1.0	0.2467
139	0.7133	0.8567
139	0.78	1.0
139	-1.0	1.0
140	0.33	-0.1267
140	-1.0	-0.5033
140	-1.0	-0.9967
140	0.2967	-0.9967
140	0.9967	0.08
140	0.33	-0.1267
140	0.2967	-0.9967
140	0.9967	-0.9967
140	0.9967	1.0
140	0.39	1.0
140	0.33	-0.1267
140	0.9967	0.08
140	-1.0	1.0
140	-1.0	-0.5033
140	0.33	-0.1267
140	0.39	1.0
141	-0.2967	-0.7133
141	-0.9933	-0.94
141	-0.9933	-0.94
141	-0.4333	-0.9967
141	0.9967	-0.2767
141	-0.2967	-0.7133
141	-0.4333	-0.9967
141	0.9967	-0.9967
141	0.9967	1.0
141	0.62	1.0
141	-0.2967	-0.7133
141	0.9967	-0.2767
141	0.62	1.0
141	-1.0	1.0
141	-0.9933	-0.94
141	-0.2967	-0.7133
142	0.4067	0.1
142	-0.0467	-0.9967
142	0.9967	-0.9967
142	0.9967	-0.0933
142	-1.0	0.61
142	-1.0	-0.9967
142	-0.0467	-0.9967
142	0.4067	0.1
142	0.7533	1.0
142	0.4067	0.1
142	0.9967	-0.0933
142	0.9967	1.0
142	-1.0	0.61
142	0.4067	0.1
142	0.7533	1.0
142	-1.0	1.0
143	0.29	-0.2
143	0.67	-0.9967
143	0.9967	-0.9967
143	0.9967	-0.5933
143	-0.9967	0.5533
143	-1.0	-0.9967
143	0.67	-0.9967
143	0.29	-0.2
143	-0.3167	1.0
143	0.29	-0.2
143	0.9967	-0.5933
143	0.9967	1.0
143	-1.0	1.0
143	-0.9967	0.5533
143	0.29	-0.2
143	-0.3167	1.0
144	-0.0267	0.26
144	-0.2	-0.9967
144	0.9967	-0.9967
144	0.9967	0.01
144	-1.0	0.5267
144	-1.0	-0.9967
144	-0.2	-0.9967
144	-0.0267	0.26
144	0.0567	1.0
144	-0.0267	0.26
144	0.9967	0.01
144	0.9967	1.0
144	-1.0	1.0
144	-1.0	0.5267
144	-0.0267	0.26
144	0.0567	1.0
145	-0.4633	0.58
145	0.3433	-0.9967
145	0.9967	-0.9967
145	0.9967	0.36
145	-1.0	0.68
145	-1.0	-0.9967
145	0.3433	-0.9967
145	-0.4633	0.58
145	-0.6967	1.0
145	-0.4633	0.58
145	0.9967	0.36
145	0.9967	1.0
145	-1.0	1.0
145	-1.0	0.68
145	-0.4633	0.58
145	-0.6967	1.0
146	-0.5067	-0.08
146	-1.0	-0.1633
146	-1.0	-0.9967
146	-0.26	-0.9967
146	0.9967	0.23
146	-0.5067	-0.08
146	-0.26	-0.9967
146	0.9967	-0.9967
146	-0.7767	0.9933
146	-0.5067	-0.08
146	0.9967	0.23
146	0.9967	1.0
146	-1.0	1.0
146	-1.0	-0.1633
146	-0.5067	-0.08
146	-0.7767	0.9933
147	-0.06	-0.8067
147	0.0033	-0.9967
147	0.98	-0.9167
147	0.98	-0.9167
147	-1.0	-0.69
147	-1.0	-0.9967
147	0.0033	-0.9967
147	-0.06	-0.8067
147	-0.8033	1.0
147	-0.06	-0.8067
147	0.98	-0.9167
147	0.9967	1.0
147	-1.0	1.0
147	-1.0	-0.69
147	-0.06	-0.8067
147	-0.8033	1.0
148	-0.4433	0.6067
148	0.0967	-0.9967
148	0.9967	-0.9967
148	0.9967	0.0733
148	-1.0	0.83
148	-1.0	-0.9967
148	0.0967	-0.9967
148	-0.4433	0.6067
148	-0.5933	1.0
148	-0.4433	0.6067
148	0.9967	0.0733
148	0.9967	1.0
148	-1.0	1.0
148	-1.0	0.83
148	-0.4433	0.6067
148	-0.5933	1.0
149	0.2	0.7433
149	-1.0	0.4733
149	-1.0	-0.9967
149	0.8767	-0.9967
149	0.9967	0.9333
149	0.2	0.7433
149	0.8767	-0.9967
149	0.9967	-0.9967
149	0.1033	1.0
149	0.2	0.7433
149	0.9967	0.9333
149	0.9967	0.9333
149	-1.0	0.4733
149	0.2	0.7433
149	0.1033	1.0
149	-1.0	1.0
150	-0.89	-0.9967
150	0.9967	-0.9967
150	0.9967	-0.5833
150	-0.42	0.1533
150	-1.0	0.4767
150	-1.0	-0.9967
150	-0.89	-0.9967
150	-0.42	0.1533
150	-0.0967	1.0
150	-0.42	0.1533
150	0.9967	-0.5833
150	0.9967	1.0
150	-1.0	1.0
150	-1.0	0.4767
150	-0.42	0.1533
150	-0.0967	1.0
151	0.87	0.6867
151	-1.0	0.6033
151	-1.0	-0.9967
151	0.4433	-0.9967
151	0.9967	0.7067
151	0.87	0.6867
151	0.4433	-0.9967
151	0.9967	-0.9967
151	0.9967	1.0
151	0.9967	1.0
151	0.87	0.6867
151	0.9967	0.7067
151	-1.0	0.6033
151	0.87	0.6867
151	0.9967	1.0
151	-1.0	1.0
152	0.5767	0.4567
152	0.4933	-0.9967
152	0.9967	-0.9967
152	0.9967	0.3667
152	-0.9933	0.86
152	-1.0	-0.9967
152	0.4933	-0.9967
152	0.5767	0.4567
152	0.59	1.0
152	0.5767	0.4567
152	0.9967	0.3667
152	0.9967	1.0
152	-1.0	1.0
152	-0.9933	0.86
152	0.5767	0.4567
152	0.59	1.0
153	-0.3233	-0.62
153	-0.2467	-0.9967
153	0.9967	-0.9967
153	0.9967	-0.8067
153	-1.0	-0.5033
153	-1.0	-0.9967
153	-0.2467	-0.9967
153	-0.3233	-0.62
153	-0.7233	0.9933
153	-0.3233	-0.62
153	0.9967	-0.8067
153	0.9967	1.0
153	-1.0	1.0
153	-1.0	-0.5033
153	-0.3233	-0.62
153	-0.7233	0.9933
154	0.0333	-0.9967
154	0.9967	-0.9967
154	0.9967	-0.6333
154	0.2733	-0.4067
154	-1.0	0.0333
154	-1.0	-0.9967
154	0.0333	-0.9967
154	0.2733	-0.4067
154	0.7967	1.0
154	0.2733	-0.4067
154	0.9967	-0.6333
154	0.9967	1.0
154	-1.0	1.0
154	-1.0	0.0333
154	0.2733	-0.4067
154	0.7967	1.0
155	0.33	0.3367
155	-1.0	-0.1933
155	-1.0	-0.9967
155	-0.3333	-0.9967
155	0.9967	0.6233
155	0.33	0.3367
155	-0.3333	-0.9967
155	0.9967	-0.9967
155	0.9967	1.0
155	0.6667	1.0
155	0.33	0.3367
155	0.9967	0.6233
155	-1.0	-0.1933
155	0.33	0.3367
155	0.6667	1.0
155	-1.0	1.0
156	0.3967	-0.6467
156	0.5633	-0.9967
156	0.9967	-0.9967
156	0.9967	-0.79
156	-1.0	-0.2733
156	-1.0	-0.9967
156	0.5633	-0.9967
156	0.3967	-0.6467
156	-0.4667	0.9967
156	0.3967	-0.6467
156	0.9967	-0.79
156	0.9967	1.0
156	-1.0	1.0
156	-1.0	-0.2733
156	0.3967	-0.6467
156	-0.4667	0.9967
157	-0.2967	-0.3133
157	-0.3433	-0.9967
157	0.9967	-0.9967
157	0.9967	-0.85
157	-1.0	0.0
157	-1.0	-0.9967
157	-0.3433	-0.9967
157	-0.2967	-0.3133
157	-0.25	1.0
157	-0.2967	-0.3133
157	0.9967	-0.85
157	0.9967	1.0
157	-1.0	1.0
157	-1.0	0.0
157	-0.2967	-0.3133
157	-0.25	1.0
158	0.12	0.0333
158	-1.0	-0.1333
158	-1.0	-0.9967
158	-0.47	-0.9967
158	0.9967	0.1867
158	0.12	0.0333
158	-0.47	-0.9967
158	0.9967	-0.9967
158	0.9967	1.0
158	0.69	1.0
158	0.12	0.0333
158	0.9967	0.1867
158	-1.0	-0.1333
158	0.12	0.0333
158	0.69	1.0
158	-1.0	1.0
159	0.3467	-0.2467
159	-1.0	-0.9033
159	-1.0	-0.9967
159	0.0133	-0.9967
159	0.9967	0.09
159	0.3467	-0.2467
159	0.0133	-0.9967
159	0.9967	-0.9967
159	0.9967	1.0
159	0.9967	1.0
159	0.3467	-0.2467
159	0.9967	0.09
159	-1.0	-0.9033
159	0.3467	-0.2467
159	0.9967	1.0
159	-1.0	1.0
160	0.1967	0.5667
160	-1.0	0.2667
160	-1.0	-0.9967
160	-0.5133	-0.9967
160	0.9967	0.7867
160	0.1967	0.5667
160	-0.5133	-0.9967
160	0.9967	-0.9967
160	0.1967	0.5667
160	0.9967	0.7867
160	0.9967	1.0
160	0.3967	1.0
160	-1.0	0.2667
160	0.1967	0.5667
160	0.3967	1.0
160	-1.0	1.0
161	-0.3567	0.2067
161	-0.6533	-0.9967
161	0.9967	-0.9967
161	0.9967	-0.8133
161	-1.0	0.7167
161	-1.0	-0.9967
161	-0.6533	-0.9967
161	-0.3567	0.2067
161	-0.1833	1.0
161	-0.3567	0.2067
161	0.9967	-0.8133
161	0.9967	1.0
161	-1.0	1.0
161	-1.0	0.7167
161	-0.3567	0.2067
161	-0.1833	1.0
162	0.4733	0.2633
162	-1.0	-0.2833
162	-1.0	-0.9967
162	0.3567	-0.9967
162	0.9967	0.4733
162	0.4733	0.2633
162	0.3567	-0.9967
162	0.9967	-0.9967
162	0.9967	1.0
162	0.55	1.0
162	0.4733	0.2633
162	0.9967	0.4733
162	-1.0	1.0
162	-1.0	-0.2833
162	0.4733	0.2633
162	0.55	1.0
163	0.5833	-0.9967
163	0.2733	-0.4467
163	-1.0	-0.4667
163	-1.0	-0.9967
163	0.9967	-0.4133
163	0.2733	-0.4467
163	0.5833	-0.9967
163	0.9967	-0.9967
163	-0.5067	0.9967
163	0.2733	-0.4467
163	0.9967	-0.4133
163	0.9967	1.0
163	-1.0	1.0
163	-1.0	-0.4667
163	0.2733	-0.4467
163	-0.5067	0.9967
164	-0.8967	-0.14
164	-0.8733	-0.9967
164	0.9967	-0.9967
164	0.9967	-0.9
164	-1.0	-0.0833
164	-1.0	-0.9967
164	-0.8733	-0.9967
164	-0.8967	-0.14
164	-0.9467	1.0
164	-0.8967	-0.14
164	0.9967	-0.9
164	0.9967	1.0
164	-0.9467	1.0
164	-1.0	-0.0833
164	-0.8967	-0.14
164	-0.9467	1.0
165	-0.6267	0.7833
165	0.5867	-0.9967
165	0.9967	-0.9967
165	0.9967	0.47
165	-1.0	0.87
165	-1.0	-0.9967
165	0.5867	-0.9967
165	-0.6267	0.7833
165	-0.7933	1.0
165	-0.6267	0.7833
165	0.9967	0.47
165	0.9967	1.0
165	-1.0	1.0
165	-1.0	0.87
165	-0.6267	0.7833
165	-0.7933	1.0
166	-0.64	0.8067
166	-0.38	-0.9967
166	0.9967	-0.9967
166	0.9967	0.69
166	-1.0	0.8467
166	-1.0	-0.9967
166	-0.38	-0.9967
166	-0.64	0.8067
166	-0.6833	1.0
166	-0.64	0.8067
166	0.9967	0.69
166	0.9967	1.0
166	-1.0	1.0
166	-1.0	0.8467
166	-0.64	0.8067
166	-0.6833	1.0
167	-0.1767	-0.1433
167	-1.0	-0.8233
167	-1.0	-0.9967
167	-0.86	-0.9967
167	0.9967	0.86
167	-0.1767	-0.1433
167	-0.86	-0.9967
167	0.9967	-0.9967
167	0.9967	1.0
167	0.76	1.0
167	-0.0867	-0.0533
167	0.9967	0.86
167	0.76	1.0
167	-1.0	1.0
167	-1.0	-0.8233
167	-0.0867	-0.0533
168	-1.0	0.4833
168	-1.0	-0.9967
168	-0.0767	-0.9967
168	-0.7	0.48
168	0.9967	0.5433
168	-0.7	0.48
168	-0.0767	-0.9967
168	0.9967	-0.9967
168	-0.9167	1.0
168	-0.7	0.48
168	0.9967	0.5433
168	0.9967	1.0
168	-1.0	1.0
168	-1.0	0.4833
168	-0.7	0.48
168	-0.9167	1.0
169	-0.07	-0.26
169	-1.0	-0.75
169	-1.0	-0.9967
169	-0.33	-0.9967
169	0.9967	0.33
169	-0.07	-0.26
169	-0.33	-0.9967
169	0.9967	-0.9967
169	0.9967	1.0
169	0.4	1.0
169	-0.07	-0.26
169	0.9967	0.33
169	0.4	1.0
169	-1.0	1.0
169	-1.0	-0.75
169	-0.07	-0.26
170	0.0367	-0.5333
170	-1.0	-0.5267
170	-1.0	-0.9967
170	0.1133	-0.9967
170	0.9967	-0.5167
170	0.0367	-0.5333
170	0.1133	-0.9967
170	0.9967	-0.9967
170	-0.18	1.0
170	0.0367	-0.5333
170	0.9967	-0.5167
170	0.9967	1.0
170	-1.0	1.0
170	-1.0	-0.5267
170	0.0367	-0.5333
170	-0.18	1.0
171	-0.3033	0.7933
171	0.2733	-0.9967
171	0.9967	-0.9967
171	0.9967	0.8
171	-1.0	0.81
171	-1.0	-0.9967
171	0.2733	-0.9967
171	-0.3033	0.7933
171	-0.3833	1.0
171	-0.3033	0.7933
171	0.9967	0.8
171	0.9967	1.0
171	-1.0	1.0
171	-1.0	0.81
171	-0.3033	0.7933
171	-0.3833	1.0
172	0.2367	-0.2533
172	-0.01	-0.9967
172	0.9967	-0.9967
172	0.9967	-0.41
172	-1.0	0.0367
172	-1.0	-0.9967
172	-0.01	-0.9967
172	0.2367	-0.2533
172	0.6167	1.0
172	0.2367	-0.2533
172	0.9967	-0.41
172	0.9967	1.0
172	-1.0	1.0
172	-1.0	0.0367
172	0.2367	-0.2533
172	0.6167	1.0
173	0.6533	-0.59
173	0.6967	-0.9967
173	0.9967	-0.9967
173	0.9967	-0.59
173	-1.0	-0.5167
173	-1.0	-0.9967
173	0.6967	-0.9967
173	0.6533	-0.59
173	0.4233	1.0
173	0.6533	-0.59
173	0.9967	-0.59
173	0.9967	1.0
173	-1.0	1.0
173	-1.0	-0.5167
173	0.6533	-0.59
173	0.4233	1.0
174	0.6667	0.0367
174	-1.0	-0.5733
174	-1.0	-0.9967
174	0.6433	-0.9967
174	0.9967	0.1733
174	0.6667	0.0367
174	0.6433	-0.9967
174	0.9967	-0.9967
174	0.9967	1.0
174	0.7	1.0
174	0.6667	0.0367
174	0.9967	0.1733
174	-1.0	1.0
174	-1.0	-0.5733
174	0.6667	0.0367
174	0.7	1.0
175	0.3667	0.4933
175	-0.0933	-0.9967
175	0.9967	-0.9967
175	0.9967	0.3667
175	-1.0	0.8133
175	-1.0	-0.9967
175	-0.0933	-0.9967
175	0.3667	0.4933
175	0.5033	1.0
175	0.3667	0.4933
175	0.9967	0.3667
175	0.9967	1.0
175	-1.0	0.8133
175	0.3667	0.4933
175	0.5033	1.0
175	-1.0	1.0
176	0.44	0.58
176	-1.0	0.4633
176	-1.0	-0.9967
176	0.19	-0.9967
176	0.9967	0.6433
176	0.44	0.58
176	0.19	-0.9967
176	0.9967	-0.9967
176	0.51	1.0
176	0.44	0.58
176	0.9967	0.6433
176	0.9967	1.0
176	-1.0	0.4633
176	0.44	0.58
176	0.51	1.0
176	-1.0	1.0
177	-0.7	-0.5733
177	-0.6533	-0.9967
177	0.9967	-0.9967
177	0.9967	-0.6267
177	-1.0	-0.55
177	-1.0	-0.9967
177	-0.6533	-0.9967
177	-0.7	-0.5733
177	-0.9267	0.9867
177	-0.7	-0.5733
177	0.9967	-0.6267
177	0.9967	1.0
177	-0.9267	0.9867
177	-1.0	-0.55
177	-0.7	-0.5733
177	-0.9267	0.9867
178	-0.02	-0.9967
178	-0.0967	-0.77
178	-1.0	-0.87
178	-1.0	-0.9967
178	0.9967	-0.9967
178	0.9967	-0.62
178	-0.0967	-0.77
178	-0.02	-0.9967
178	-0.58	1.0
178	-0.0967	-0.77
178	0.9967	-0.62
178	0.9967	1.0
178	-1.0	1.0
178	-1.0	-0.87
178	-0.0967	-0.77
178	-0.58	1.0
179	-0.4533	0.06
179	-1.0	-0.11
179	-1.0	-0.9967
179	-0.4467	-0.9967
179	0.9967	0.5533
179	-0.4533	0.06
179	-0.4467	-0.9967
179	0.9967	-0.9967
179	-0.4533	0.06
179	0.9967	0.5533
179	0.9967	1.0
179	-0.45	1.0
179	-0.45	1.0
179	-1.0	1.0
179	-1.0	-0.11
179	-0.4533	0.06
180	0.4767	-0.5333
180	0.6433	-0.9967
180	0.9967	-0.9967
180	0.9967	-0.6433
180	-1.0	-0.1667
180	-1.0	-0.9967
180	0.6433	-0.9967
180	0.4767	-0.5333
180	-0.13	1.0
180	0.4767	-0.5333
180	0.9967	-0.6433
180	0.9967	1.0
180	-1.0	1.0
180	-1.0	-0.1667
180	0.4767	-0.5333
180	-0.13	1.0
181	-0.3433	0.01
181	-0.4433	-0.9967
181	0.9967	-0.9967
181	0.9967	-0.43
181	-1.0	0.2433
181	-1.0	-0.9967
181	-0.4433	-0.9967
181	-0.3433	0.01
181	-0.2733	1.0
181	-0.3433	0.01
181	0.9967	-0.43
181	0.9967	1.0
181	-1.0	1.0
181	-1.0	0.2433
181	-0.3433	0.01
181	-0.2733	1.0
182	-0.8533	-0.9967
182	0.9967	-0.9967
182	0.9967	-0.8067
182	-0.6567	-0.72
182	-1.0	-0.6867
182	-1.0	-0.9967
182	-0.8533	-0.9967
182	-0.6567	-0.72
182	0.9967	1.0
182	0.4633	1.0
182	-0.6567	-0.72
182	0.9967	-0.8067
182	0.4633	1.0
182	-1.0	1.0
182	-1.0	-0.6867
182	-0.6567	-0.72
183	0.5767	-0.5433
183	0.7333	-0.9967
183	0.9967	-0.9967
183	0.9967	-0.8133
183	-1.0	0.5467
183	-1.0	-0.9967
183	0.7333	-0.9967
183	0.5767	-0.5433
183	-0.01	1.0
183	0.5767	-0.5433
183	0.9967	-0.8133
183	0.9967	1.0
183	-1.0	1.0
183	-1.0	0.5467
183	0.5767	-0.5433
183	-0.01	1.0
184	0.3267	-0.9967
184	0.0433	-0.24
184	-1.0	-0.26
184	-1.0	-0.9967
184	0.9967	-0.1933
184	0.0433	-0.24
184	0.3267	-0.9967
184	0.9967	-0.9967
184	-0.3967	1.0
184	0.0433	-0.24
184	0.9967	-0.1933
184	0.9967	1.0
184	-1.0	1.0
184	-1.0	-0.26
184	0.0433	-0.24
184	-0.3967	1.0
185	0.6333	0.77
185	-1.0	0.3067
185	-1.0	-0.9967
185	0.7833	-0.9967
185	0.9967	0.89
185	0.6333	0.77
185	0.7833	-0.9967
185	0.9967	-0.9967
185	0.6167	1.0
185	0.6333	0.77
185	0.9967	0.89
185	0.9967	1.0
185	-1.0	0.3067
185	0.6333	0.77
185	0.6167	1.0
185	-1.0	1.0
186	0.6867	-0.6233
186	0.6967	-0.9967
186	0.9967	-0.9967
186	0.9967	-0.8267
186	-1.0	0.5833
186	-1.0	-0.9967
186	0.6967	-0.9967
186	0.6867	-0.6233
186	0.5733	1.0
186	0.6867	-0.6233
186	0.9967	-0.8267
186	0.9967	1.0
186	-1.0	1.0
186	-1.0	0.5833
186	0.6867	-0.6233
186	0.5733	1.0
187	0.9967	0.1133
187	0.69	0.2033
187	0.27	-0.9967
187	0.9967	-0.9967
187	-1.0	0.7833
187	-1.0	-0.9967
187	0.27	-0.9967
187	0.69	0.2033
187	0.96	1.0
187	0.69	0.2033
187	0.9967	0.1133
187	0.96	1.0
187	-1.0	0.7833
187	0.69	0.2033
187	0.96	1.0
187	-1.0	1.0
188	-0.3833	0.0
188	-1.0	-0.0467
188	-1.0	-0.9967
188	-0.8267	-0.9967
188	0.9967	0.15
188	-0.3833	0.0
188	-0.8267	-0.9967
188	0.9967	-0.9967
188	-0.3833	0.0
188	0.9967	0.15
188	0.9967	1.0
188	0.0733	1.0
188	-1.0	1.0
188	-1.0	-0.0467
188	-0.3833	0.0
188	0.0733	1.0
189	0.1433	-0.0233
189	-1.0	-0.8433
189	-1.0	-0.9967
189	-0.4867	-0.9967
189	0.9967	0.6133
189	0.1433	-0.0233
189	-0.4867	-0.9967
189	0.9967	-0.9967
189	0.9967	1.0
189	0.8233	1.0
189	0.1433	-0.0233
189	0.9967	0.6133
189	0.8233	1.0
189	-1.0	1.0
189	-1.0	-0.8433
189	0.1433	-0.0233
190	-0.7967	-0.9967
190	0.9967	-0.9967
190	0.9967	-0.1167
190	0.0167	-0.0533
190	0.0167	-0.0533
190	-1.0	0.04
190	-1.0	-0.9967
190	-0.7967	-0.9967
190	0.9967	1.0
190	0.8867	1.0
190	0.0167	-0.0533
190	0.9967	-0.1167
190	-1.0	0.04
190	0.0167	-0.0533
190	0.8867	1.0
190	-1.0	1.0
191	0.75	0.2067
191	0.9367	-0.9833
191	0.9367	-0.9833
191	0.9967	0.1533
191	-0.9933	0.69
191	-1.0	-0.9967
191	0.9367	-0.9833
191	0.75	0.2067
191	0.61	1.0
191	0.75	0.2067
191	0.9967	0.1533
191	0.9967	1.0
191	-1.0	1.0
191	-0.9933	0.69
191	0.75	0.2067
191	0.61	1.0
192	-0.14	-0.3233
192	-1.0	-0.6167
192	-1.0	-0.9967
192	-0.2867	-0.9967
192	0.9967	0.0967
192	-0.14	-0.3233
192	-0.2867	-0.9967
192	0.9967	-0.9967
192	0.9967	1.0
192	0.1767	1.0
192	-0.14	-0.3233
192	0.9967	0.0967
192	0.1767	1.0
192	-1.0	1.0
192	-1.0	-0.6167
192	-0.14	-0.3233
193	0.4867	0.1733
193	-1.0	-0.2167
193	-1.0	-0.9967
193	0.1867	-0.9967
193	0.9967	0.3233
193	0.4867	0.1733
193	0.1867	-0.9967
193	0.9967	-0.9967
193	0.9967	1.0
193	0.71	1.0
193	0.4867	0.1733
193	0.9967	0.3233
193	-1.0	-0.2167
193	0.4867	0.1733
193	0.71	1.0
193	-1.0	1.0
194	-1.0	0.2933
194	-1.0	-0.9967
194	-0.55	-0.9967
194	-0.8167	0.3
194	0.9967	0.5133
194	-0.8167	0.3
194	-0.55	-0.9967
194	0.9967	-0.9967
194	-0.94	1.0
194	-0.8167	0.3
194	0.9967	0.5133
194	0.9967	1.0
194	-0.94	1.0
194	-1.0	0.2933
194	-0.8167	0.3
194	-0.94	1.0
195	-0.17	-0.26
195	-1.0	-0.3867
195	-1.0	-0.9967
195	0.08	-0.9967
195	0.9967	-0.05
195	-0.17	-0.26
195	0.08	-0.9967
195	0.9967	-0.9967
195	-0.5767	1.0
195	-0.17	-0.26
195	0.9967	-0.05
195	0.9967	1.0
195	-1.0	1.0
195	-1.0	-0.3867
195	-0.17	-0.26
195	-0.5767	1.0
196	0.1533	0.4667
196	-1.0	0.3733
196	-1.0	-0.9967
196	0.3467	-0.9967
196	0.9967	0.56
196	0.1533	0.4667
196	0.3467	-0.9967
196	0.9967	-0.9967
196	0.0867	1.0
196	0.1533	0.4667
196	0.9967	0.56
196	0.9967	1.0
196	-1.0	1.0
196	-1.0	0.3733
196	0.1533	0.4667
196	0.0867	1.0
197	-0.7367	0.3733
197	-0.7333	-0.9967
197	0.9967	-0.9967
197	0.9967	0.3333
197	-1.0	0.3933
197	-1.0	-0.9967
197	-0.7333	-0.9967
197	-0.7367	0.3733
197	-0.76	1.0
197	-0.7367	0.3733
197	0.9967	0.3333
197	0.9967	1.0
197	-1.0	1.0
197	-1.0	0.3933
197	-0.7367	0.3733
197	-0.76	1.0
198	0.4633	0.0733
198	-1.0	-0.59
198	-1.0	-0.9967
198	0.6333	-0.9967
198	0.9967	0.3333
198	0.4633	0.0733
198	0.6333	-0.9967
198	0.9967	-0.9967
198	0.3267	1.0
198	0.4633	0.0733
198	0.9967	0.3333
198	0.9967	1.0
198	-1.0	1.0
198	-1.0	-0.59
198	0.4633	0.0733
198	0.3267	1.0
199	-0.4933	0.26
199	-1.0	0.21
199	-1.0	-0.9967
199	-0.76	-0.9967
199	0.9967	0.4567
199	-0.4933	0.26
199	-0.76	-0.9967
199	0.9967	-0.9967
199	-0.4933	0.26
199	0.9967	0.4567
199	0.9967	1.0
199	-0.3267	1.0
199	-1.0	1.0
199	-1.0	0.21
199	-0.4933	0.26
199	-0.3267	1.0
